<CONF>
    <colorType>0</colorType>
    <PixInLed>4.000000000</PixInLed>
    <UdpSend>1</UdpSend>
    <IpAddress>192.168.2.111</IpAddress>
    <Port>3001</Port>
</CONF>
<STROKE>
    <LN>
        <TYPE>1</TYPE>
        <fromX>221</fromX>
        <fromY>381</fromY>
        <toX>221</toX>
        <toY>19</toY>
    </LN>
    <LN>
        <TYPE>1</TYPE>
        <fromX>210</fromX>
        <fromY>20</fromY>
        <toX>210</toX>
        <toY>380</toY>
    </LN>
    <LN>
        <TYPE>1</TYPE>
        <fromX>200</fromX>
        <fromY>380</fromY>
        <toX>200</toX>
        <toY>20</toY>
    </LN>
    <LN>
        <TYPE>1</TYPE>
        <fromX>190</fromX>
        <fromY>20</fromY>
        <toX>190</toX>
        <toY>380</toY>
    </LN>
    <LN>
        <TYPE>1</TYPE>
        <fromX>180</fromX>
        <fromY>380</fromY>
        <toX>180</toX>
        <toY>20</toY>
    </LN>
    <LN>
        <TYPE>1</TYPE>
        <fromX>170</fromX>
        <fromY>20</fromY>
        <toX>170</toX>
        <toY>380</toY>
    </LN>
    <LN>
        <TYPE>1</TYPE>
        <fromX>160</fromX>
        <fromY>380</fromY>
        <toX>160</toX>
        <toY>20</toY>
    </LN>
    <LN>
        <TYPE>1</TYPE>
        <fromX>150</fromX>
        <fromY>20</fromY>
        <toX>150</toX>
        <toY>380</toY>
    </LN>
    <LN>
        <TYPE>1</TYPE>
        <fromX>140</fromX>
        <fromY>380</fromY>
        <toX>140</toX>
        <toY>20</toY>
    </LN>
    <LN>
        <TYPE>1</TYPE>
        <fromX>130</fromX>
        <fromY>20</fromY>
        <toX>130</toX>
        <toY>380</toY>
    </LN>
    <LN>
        <TYPE>1</TYPE>
        <fromX>120</fromX>
        <fromY>380</fromY>
        <toX>120</toX>
        <toY>20</toY>
    </LN>
    <LN>
        <TYPE>1</TYPE>
        <fromX>110</fromX>
        <fromY>20</fromY>
        <toX>110</toX>
        <toY>380</toY>
    </LN>
    <LN>
        <TYPE>1</TYPE>
        <fromX>100</fromX>
        <fromY>380</fromY>
        <toX>100</toX>
        <toY>20</toY>
    </LN>
    <LN>
        <TYPE>1</TYPE>
        <fromX>90</fromX>
        <fromY>20</fromY>
        <toX>90</toX>
        <toY>380</toY>
    </LN>
    <LN>
        <TYPE>1</TYPE>
        <fromX>80</fromX>
        <fromY>380</fromY>
        <toX>80</toX>
        <toY>20</toY>
    </LN>
    <LN>
        <TYPE>1</TYPE>
        <fromX>70</fromX>
        <fromY>20</fromY>
        <toX>70</toX>
        <toY>380</toY>
    </LN>
    <LN>
        <TYPE>1</TYPE>
        <fromX>60</fromX>
        <fromY>380</fromY>
        <toX>60</toX>
        <toY>20</toY>
    </LN>
    <LN>
        <TYPE>1</TYPE>
        <fromX>50</fromX>
        <fromY>20</fromY>
        <toX>50</toX>
        <toY>380</toY>
    </LN>
    <LN>
        <TYPE>1</TYPE>
        <fromX>40</fromX>
        <fromY>380</fromY>
        <toX>40</toX>
        <toY>20</toY>
    </LN>
    <LN>
        <TYPE>1</TYPE>
        <fromX>30</fromX>
        <fromY>20</fromY>
        <toX>30</toX>
        <toY>380</toY>
    </LN>
    <LN>
        <TYPE>1</TYPE>
        <fromX>20</fromX>
        <fromY>380</fromY>
        <toX>20</toX>
        <toY>20</toY>
    </LN>
    <LN>
        <TYPE>1</TYPE>
        <fromX>10</fromX>
        <fromY>20</fromY>
        <toX>10</toX>
        <toY>380</toY>
    </LN>
</STROKE>
